Year-Month,Precipitation,Avg Rel Hum (%),Avg Wind Speed (mph),Wind Run (miles),windeventcount,Avg Soil Temp (F),AQI_PM25,AQI_PM10,FIRE_Acres_Burned,fungicide_lbs_prd_used,rodent_lbs_prd_used,rate_per_100k
2001-01-01,3.297857142857143,68.87499959012155,3.5222939068100354,2618.5154761904764,0.07142857142857142,50.52614045140159,90.4375,40.5,,4395.4536,633.69475,1.0476607081155767
2001-02-01,4.0355952380952385,72.72246206174778,3.9161937880415323,2586.921428571429,0.16666666666666669,52.12548110355253,58.875,19.6875,,9071.70725,813.86195,0.6253014804309049
2001-03-01,1.5752380952380953,75.96052564206215,3.7180784141613636,2731.164285714286,0.2619047619047619,59.03382378757954,64.8125,31.5,,17723.88265,1338.2997,0.5909218516808452
2001-04-01,0.9964285714285716,69.24872475636023,4.1516028295376115,2970.052380952381,0.047619047619047616,61.66427122153209,53.625,26.6875,,33417.3393,1220.3134,0.38983018916742734
2001-05-01,0.14047619047619045,65.79885453767942,4.007987711213518,2980.953571428571,0.21428571428571427,69.49157185232268,65.1875,39.125,,22334.85285,1341.28055,0.936697915036913
2001-06-01,0.015,62.53617893434235,4.065198412698413,2926.6047619047617,0.21428571428571427,72.86238095238096,56.9375,31.9375,,11047.766,1294.9556499999999,1.0735702139756544
2001-07-01,0.01964285714285713,68.04281480168576,3.839247311827957,2855.809523809524,0.0,75.49377880184332,55.125,28.625,,6187.9631,1933.78645,1.2982528742711856
2001-08-01,0.012857142857142857,67.46383768561188,3.6072580645161287,2684.4273809523806,0.0,75.56375734943587,57.0625,35.625,,3921.7414500000004,1172.766,3.2262030769163927
2001-09-01,0.048809523809523796,67.14668335711208,3.5972597153804053,2417.5059523809527,0.0238095238095238,73.0858951833607,60.75,37.9375,,2894.1439,1830.4242,3.5946454258851506
2001-10-01,0.16476190476190475,71.51992409867172,3.1696055841691515,2320.75,0.0,68.02040933837384,71.875,46.4375,,3587.1776499999996,906.6322,5.119459615330759
2001-11-01,1.6732142857142858,78.1775403667214,3.197383689107827,2239.586904761905,0.047619047619047616,61.68736377941981,86.0625,39.375,,2224.54745,409.30625,3.8443421730203133
2001-12-01,1.350595238095238,74.44156926912888,3.5287838108595473,2517.2040476190477,0.14761904761904762,53.48275793864855,77.125,20.625,,1490.2366499999998,414.53125,2.1556384909584705
2002-01-01,0.7545714285714286,70.66201448321264,3.415446281260414,2449.515,0.0238095238095238,52.81584456960801,89.5,34.375,,2623.5029,671.6051,2.1873509514007567
2002-02-01,0.2876190476190476,62.52394503122887,3.777845282849982,2484.182142857143,0.4642857142857143,53.63622794279655,79.75,41.6875,,4052.00305,974.7882500000001,0.965894888645029
2002-03-01,0.6663541666666667,63.561667109077426,4.094427847018573,2849.590625,0.3229166666666667,57.1987704813108,57.625,24.8125,,14652.433649999999,1349.0183,1.1785735884147868
2002-04-01,0.4061458333333333,67.77631944444444,4.225486111111111,2938.6960416666666,0.10416666666666667,63.25166873121501,57.125,29.25,,15710.3483,1130.60125,1.4759719919846679
2002-05-01,0.1657708333333333,62.51886200716846,4.293629032258065,3194.6425,0.08333333333333333,67.79571148132428,59.5,29.375,,9270.98745,1090.56125,2.3374099494966876
2002-06-01,0.020166666666666663,62.763488984674325,4.224708333333333,3015.6027083333333,0.1875,73.23258680555556,61.25,36.125,,6608.084150000001,1335.9881,3.639732347393872
2002-07-01,0.0074166666666666626,63.05688284050179,3.7903612231182797,2736.574791666667,0.0,76.3745716845878,62.125,36.375,,5317.190799999999,1274.72625,3.25013664482796
2002-08-01,0.007083333333333325,64.23158602150538,3.539623655913979,2632.338125,0.0,74.89191009557945,73.0625,43.4375,,5206.497149999999,1427.2775000000001,2.9792346633264475
2002-09-01,0.035750000000000004,60.557430555555555,3.256083333333333,2342.606875,0.0,72.631510739991,61.6875,46.375,,3496.6475,1289.7454,1.8387037161690072
2002-10-01,0.020937499999999987,68.48366935483871,3.0282190860215055,2252.6760416666666,0.041666666666666664,65.42993279569893,75.3125,43.3125,,4735.581099999999,1213.7698,2.1049896127999306
2002-11-01,1.3657916666666667,67.23006670771757,3.3035208333333332,2300.33,0.2708333333333333,59.37858333333333,91.1875,41.1875,,1896.98315,1706.2894999999999,1.5788518608477773
2002-12-01,2.2770625,78.45530913978494,3.326055107526882,2299.302291666667,0.14583333333333334,54.484388440860215,71.875,25.5625,,1874.1349,1149.49545,1.30660045038358
2003-01-01,0.1480208333333333,75.02352648347272,3.195403225806452,2377.9483333333333,0.175,54.74006160394266,84.6875,33.6875,,3140.3244999999997,746.9649999999999,1.7839328614352226
2003-02-01,2.799,71.95513392857143,3.6786755952380954,2471.3864583333334,0.06249999999999999,55.17101934523809,61.125,21.4375,,7531.9739,810.17815,1.0410369784304412
2003-03-01,1.7570208333333333,68.57944707081943,3.9757862903225805,2958.2462499999997,0.45208333333333334,58.87204301075269,55.1875,23.625,,8712.830399999999,800.01625,1.0559090026878681
2003-04-01,1.4091875,68.51534722222222,4.3295208333333335,3062.085416666667,0.041666666666666664,61.99517361111111,42.0,17.625,,10769.8467,915.3138,1.2706715625525051
2003-05-01,1.2856041666666667,67.20505712365592,4.1153612231182795,3043.550416666667,0.08333333333333333,67.39360887096774,60.5,28.625,,10015.5219,1157.9479,1.5974363938696998
2003-06-01,0.17008333333333334,66.63080459770116,4.001952107279694,2791.68,0.0,72.96504214559387,60.8125,30.8125,,9818.81025,2440.1376,1.6626176436072033
2003-07-01,0.08487499999999999,62.5673849039382,3.6332987146471494,2666.8102083333333,0.0,77.10048537405036,63.125,38.0,,7613.43045,1955.2408,2.868160451736833
2003-08-01,0.024416666666666663,62.96551459293395,3.653725998463902,2712.226875,0.0,76.81100134408602,56.875,36.5,,6281.24375,1809.5920500000002,3.8182495731584387
2003-09-01,0.023479166666666662,65.9186853448276,3.403473659003831,2412.191875,0.0,74.47602298850575,68.375,45.375,,5137.76225,2364.4954,3.5771263258048185
2003-10-01,0.15818749999999998,62.54716966501241,3.1995286453888605,2361.36875,0.041666666666666664,68.73314280913979,75.3125,49.4375,,2980.3413499999997,2806.3433,4.658352360538476
2003-11-01,0.5508958333333334,68.94597222222222,3.2115829678362573,2270.599583333333,0.09791666666666667,59.22339217836257,74.3125,37.125,,1676.8283,2260.2985,5.079358958685712
2003-12-01,1.4911041666666667,71.33276209677419,3.364375,2500.6777083333336,0.04583333333333332,53.93832997311828,72.8125,30.125,,2236.76705,802.4956500000001,4.348119730818855
2004-01-01,0.6037708333333334,74.9570564516129,3.2665120967741936,2430.321875,0.041666666666666664,52.16661962365591,84.8125,29.9375,,2751.5699999999997,2615.2581,3.867133793818674
2004-02-01,3.1469791666666667,70.02232537577365,3.79289566755084,2596.268125,0.10416666666666666,53.18374281609196,58.4375,20.0,,7906.45125,1237.7393499999998,2.4299950967425423
2004-03-01,0.5339375,70.70699156470153,3.6949327956989246,2747.867291666667,0.041666666666666664,61.266290322580645,67.0625,34.9375,,14782.806649999999,1291.56525,2.922495506870744
2004-04-01,0.2564375,61.86686901340996,4.097468151340996,2910.5533333333333,0.22916666666666666,65.19899305555555,58.375,35.125,,11572.00115,2394.59905,2.83485399041267
2004-05-01,0.04166666666666666,58.13712237583205,4.628543906810036,3406.211875,0.40625,69.44188508064516,51.4375,31.75,,7962.73345,2237.7627,3.604343228229594
2004-06-01,0.034541666666666665,64.31056547619048,4.282197420634921,3074.898125,0.020833333333333325,73.16963888888888,57.625,32.5625,,7973.47195,3120.7623,3.2602205408709377
2004-07-01,0.009583333333333326,62.3744623655914,3.836068548387097,2852.7822916666664,0.0,76.30483718020022,56.9375,32.25,,5637.70535,2413.2037499999997,3.2684007321843116
2004-08-01,0.00575,65.08345192915876,3.7513373655913975,2790.168541666667,0.0,75.91556128541517,56.0625,37.0,,3674.5165500000003,3272.93905,3.49260287682043
2004-09-01,0.08708333333333333,58.053472222222226,3.660090277777778,2634.9768750000003,0.020833333333333325,72.94989583333333,58.625,38.625,,3770.5283,2201.6417,3.611217725305726
2004-10-01,3.1450208333333336,74.35076612903225,3.413319892473118,2536.603541666667,0.041666666666666664,66.3123955453149,59.875,33.6875,,3389.5917499999996,1456.56455,3.046051608440377
2004-11-01,0.7510208333333334,72.01566964285715,3.26207279265873,2265.552291666667,0.16666666666666666,58.24026463293651,73.25,28.125,,1814.4947499999998,743.4044,3.571680340346777
2004-12-01,3.4259166666666667,71.95552281499862,3.7169914874551973,2640.7200000000003,0.3125,53.10701836917563,72.0,24.5,,1822.6628,800.59875,2.303521037481456
2005-01-01,4.905458333333334,80.06884115066123,3.496065188172043,2504.467708333333,0.14583333333333334,53.86788754480287,61.375,16.9375,,3167.3887,1429.9488000000001,2.2911228533699193
2005-02-01,5.052333333333333,77.80208333333333,3.643809523809524,2371.51875,0.0,56.11604166666667,59.9375,23.0625,,12820.3391,2745.73565,1.5081737853675892
2005-03-01,1.7965,75.05315860215053,3.7577951145395043,2683.1262500000003,0.041666666666666664,61.026801075268814,51.875,22.125,,17230.2864,4565.4518499999995,1.8650537845491926
2005-04-01,1.0527499999999999,65.56363043478261,4.235771497584541,3011.695833333333,0.3,62.82306666666667,49.5,19.625,,15293.07515,6745.3171999999995,1.7047676414974142
2005-05-01,0.582875,67.65406426011265,4.199758064516129,3123.5425,0.15,69.41777361751153,53.4375,25.125,,11691.937450000001,8234.848250000001,1.4373365252288741
2005-06-01,0.0,64.73176245210729,4.339027777777778,3104.3916666666664,0.3,72.83046825396825,51.4375,28.875,,8798.8324,11713.10555,1.9121353249624513
2005-07-01,0.0,64.13101736972705,3.814715053763441,2833.537083333333,0.15,78.44527419354839,63.0625,36.75,,8952.30625,17267.9869,1.8662736054201292
2005-08-01,0.0,63.42013440860215,3.6469032258064518,2711.855,0.05,77.70644623655915,61.25,33.0,,6791.57,8356.0221,2.9092991414014415
2005-09-01,0.06699999999999999,63.95193007662835,3.5562638888888887,2559.608333333333,0.025,72.17638247863248,59.5625,38.6875,,3167.1219499999997,4502.0178,4.694252597605844
2005-10-01,0.959375,66.31721631716997,3.452987355635205,2555.88125,0.1375,66.65103146156909,60.9375,38.25,,3326.9649,4236.5509,5.833982770743278
2005-11-01,0.6615,62.20827107279693,3.1919583333333335,2299.9075000000003,0.13333333333333333,60.899499999999996,71.625,36.4375,,1684.3244,2641.0712999999996,7.372803911862577
2005-12-01,0.7983333333333333,72.72038474865575,3.235640489538339,2324.017083333333,0.20833333333333331,55.91048348803725,77.4375,30.5625,,2562.5787,655.40725,5.431025860280013
2006-01-01,1.5262916666666668,70.81332069926805,3.7139590800477897,2756.8429166666665,0.31666666666666665,54.12373944300251,67.0,30.0625,,10824.8592,2426.3518,3.648137322753386
2006-02-01,1.2715416666666668,63.70610119047619,3.6711011904761905,2467.315,0.17916666666666667,55.369791666666664,70.1875,29.9375,,10339.64925,2557.1841000000004,2.7160269286347374
2006-03-01,2.8710833333333334,75.08108678955453,4.007682411674347,2933.165,0.225,56.50186539938556,46.25,14.25,,12575.498899999999,3709.49395,2.846834842310949
2006-04-01,2.1169583333333333,73.92529761904763,4.017152777777778,2892.1833333333334,0.24166666666666667,62.49516666666667,39.75,13.625,,15508.622,6972.4341,2.374158772711055
2006-05-01,0.646375,66.72005778024966,4.0001612903225805,2973.57875,0.29583333333333334,70.11061827956989,62.0,33.8125,,26818.488400000002,10980.10975,1.8821001438288
2006-06-01,0.005625,62.78094246031746,4.061805555555556,2840.355833333333,0.1708333333333333,75.1484201388889,58.4375,36.75,,15358.905149999999,9938.48345,3.0296453600471733
2006-07-01,0.000208333333333325,60.884542041523545,3.833481182795699,2851.79875,0.175,79.55988289569373,61.0,35.9375,,9964.3605,13056.31135,3.0454114532902254
2006-08-01,0.00375,63.930309139784946,3.664993279569892,2726.9775,0.125,76.97168010752688,58.1875,33.5,0.0,3498.73445,16791.06235,5.014636431917861
2006-09-01,0.02385416666666665,62.08382423371647,3.5404027777777776,2549.420416666667,0.05,73.61570454545455,63.6875,43.625,0.0,6111.3652999999995,5739.4005,4.51801191948917
2006-10-01,0.21325,64.62997311827957,3.3636424731182797,2505.0012500000003,0.09583333333333333,66.25238746755655,59.1875,28.9375,45.705,5578.86155,5497.6187,4.616750605591721
2006-11-01,0.18639583333333332,68.18700909961686,3.2963125,2373.441875,0.14583333333333331,61.19018678160919,70.5625,37.4375,38.09,3081.8592,1665.4396,3.4778631317502247
2006-12-01,0.891375,62.85630520353303,3.6334396601382486,2661.5925,0.28541666666666665,53.06023484537493,76.4375,33.4375,49.775,2788.0472,1379.46205,3.8247192883674264
2007-01-01,0.6361666666666667,57.352171694544005,3.865241935483871,2816.346875,0.34375,49.50917874743984,80.625,35.875,187.70000000000002,5067.48035,1867.0977,4.198662211503387
2007-02-01,1.1989791666666667,70.51442481884058,3.9407686335403724,2529.3010416666666,0.25,54.90665469720497,60.625,21.5,22.150000000000002,8612.059949999999,3162.9526,3.750782062153218
2007-03-01,0.37575,61.494059139784945,3.9368279569892475,2929.410625,0.30833333333333335,60.13642401113671,60.0,29.5625,465.975,11255.128499999999,6245.5923999999995,4.111180337178572
2007-04-01,0.7692083333333334,64.83965277777777,4.325090277777778,3115.381875,0.5,63.88662691570882,54.75,34.75,128.075,14752.922499999999,12378.2631,2.76459370237655
2007-05-01,0.3643333333333333,59.15615066178029,4.471854838709677,3327.44,0.3958333333333333,69.76110887096775,59.9375,34.25,586.35,15943.80715,13611.77205,2.3298831710723147
2007-06-01,0.0,59.834974001094686,4.298353174603175,3089.8864583333334,0.35416666666666663,73.96103273809524,59.5,34.4375,161.155,10782.626199999999,15834.86585,2.907676097311533
2007-07-01,0.0,61.79056127178346,4.017043010752689,2988.635625,0.2708333333333333,77.82360663082437,56.125,27.8125,369.1,9304.265650000001,16007.1954,2.8349969525992806
2007-08-01,0.10481249999999999,60.45165770609319,3.7163978494623655,2764.090625,0.16666666666666666,77.08805831265508,59.4375,34.125,69.23,4763.464599999999,15737.74295,4.163562941303677
2007-09-01,0.17279166666666665,62.78320881226053,3.7677152777777776,2712.8333333333335,0.08333333333333333,73.45350338309855,56.875,32.0,110.625,8365.830600000001,18009.5176,2.7086505949487836
2007-10-01,0.43387499999999996,60.6749417562724,3.8427217741935484,2791.9329166666666,0.7729166666666667,65.83536653380298,59.625,38.6875,244.455,8258.48605,4564.12225,3.0640441120568145
2007-11-01,0.75125,67.03159722222222,3.216180555555556,2255.236875,0.041666666666666664,60.01166666666667,98.5,43.5625,11.33,11247.52335,2039.09565,3.043588196319926
2007-12-01,0.9421875000000001,66.3874027937788,4.103082733294931,2678.41875,0.3020833333333333,51.08332784640392,69.3125,21.9375,4.75,4068.1180999999997,2094.55145,2.281472283430228
2008-01-01,4.043645833333334,69.95280635891731,4.216281875228869,3059.7802083333336,0.8333333333333333,51.152361797499864,55.9375,27.5,4.33,16793.7079,1977.6862999999998,2.6827740275926946
2008-02-01,1.5134375,70.16220580186098,3.9847030651340996,2639.0583333333334,0.4375,52.55920292829776,61.8125,33.1875,9.07,14476.69435,3127.3995000000004,2.702123672886758
2008-03-01,0.12604166666666664,58.131347072879336,4.223286290322581,2981.5916666666667,0.5625,57.7996553887035,58.3125,32.5,24.755,19783.97305,7207.54655,2.062045671789486
2008-04-01,0.12072916666666664,54.9537644993895,4.416837578147201,3085.227083333333,0.5833333333333333,62.22123082010582,58.75,36.625,35.14,21022.149550000002,12941.8752,2.2931305377444087
2008-05-01,0.1630208333333333,59.76176120329173,4.37046218230694,3180.1447916666666,0.5625,67.58771281362007,63.25,35.375,390.485,17078.52665,12196.5468,1.9164174745715088
2008-06-01,0.007083333333333325,56.35923245337039,4.0686875,2889.378125,0.4166666666666667,73.23367361111112,69.8125,43.4375,279.19,13032.32285,15298.850449999998,1.947018793015374
2008-07-01,0.004791666666666662,62.10706329649541,3.8127576164874553,2792.1989583333334,0.10416666666666667,77.6889364919355,74.8125,37.4375,167.35,11461.4799,15013.1724,1.8272869380332208
2008-08-01,0.008541666666666649,60.56417050691245,3.649232320099256,2670.7666666666664,0.10416666666666666,77.24694356196372,58.8125,35.875,697.565,6848.12425,14625.4286,2.341854363622498
2008-09-01,0.010208333333333326,62.59576388888889,3.278013888888889,2320.3104166666667,0.0,72.93866219806763,65.25,44.5,97.24000000000001,6583.3442,6773.03465,2.486355540358459
2008-10-01,0.04749999999999999,50.41811280366388,3.520551075268817,2580.7229166666666,0.33333333333333337,65.42211577678903,64.0,50.3125,160.64999999999998,9151.34295,1953.2323499999998,2.8071238377171372
2008-11-01,1.0291666666666668,66.81137896825396,3.3087152777777775,2323.9520833333336,0.125,60.05798611111111,76.625,37.5625,14.535,7196.8687,1222.60145,2.4911043169597793
2008-12-01,1.3323958333333334,73.80741967485919,3.3551507296466974,2463.3260416666667,0.20833333333333331,52.39482142857143,68.75,25.5,0.56,3026.7562,1856.9009,3.073695583265514
2009-01-01,0.47125,61.54883126313187,3.4666397849462367,2528.7197916666664,0.1875,51.70769973118279,75.1875,34.9375,2.13,10987.01815,2298.24175,2.321030674423113
2009-02-01,2.4894791666666665,69.84201388888889,3.7015997023809524,2451.1625000000004,0.19791666666666666,52.82344720257265,48.3125,18.1875,28.905,13299.37975,2560.72805,2.0479787461924475
2009-03-01,0.45989583333333334,62.89818548387097,4.023405017921148,2990.829166666667,0.3333333333333333,57.784441601779754,55.0,28.375,53.54,10611.3498,8383.03725,1.7793097916091298
2009-04-01,0.25656249999999997,55.887499999999996,4.439231150793651,3190.5760416666662,0.625,61.804766865079365,54.5625,34.0,38.625,27088.456299999998,8830.71965,1.8241581481998104
2009-05-01,0.09541666666666665,60.85907953281424,4.183198924731183,3026.4125,0.3541666666666667,69.56747311827957,61.8125,35.3125,327.97499999999997,16099.09995,15854.8318,2.1172249027259786
2009-06-01,0.059583333333333315,61.83576388888889,4.229236111111111,3045.098958333333,0.29166666666666663,71.70864583333334,54.0,26.5625,154.835,12906.3503,16186.2995,3.0489596613495813
2009-07-01,0.000833333333333325,56.39670698924731,3.9005913978494626,2730.444791666667,0.0625,75.97549605381641,62.25,34.875,292.53,8188.2605,27443.73545,2.6335857419295743
2009-08-01,0.0015625,53.84890043370299,3.8552755376344083,2567.526041666667,0.041666666666666664,75.6392675531234,64.1875,38.125,2030.95,5493.9932,20063.7266,2.845439414878811
2009-09-01,0.015729166666666648,56.57387312161019,3.5702525252525255,2493.396875,0.08333333333333333,73.95506036531646,61.5,39.875,313.93,5479.4426,7270.0826,2.501540183554811
2009-10-01,0.6091666666666666,58.97541827610654,3.70485440472579,2724.6364583333334,0.44791666666666663,65.57007850522636,59.125,40.8125,41.925,10627.24925,1818.55855,2.516907834909916
2009-11-01,0.13093749999999998,60.545833333333334,3.3365625,2404.726041666667,0.13541666666666666,58.17447006704981,72.375,37.0,7.73,3225.88655,2254.82925,1.9812363064281735
2009-12-01,1.8244791666666667,71.16563620071685,3.2826276881720426,2437.8958333333335,0.27083333333333337,51.93592853942652,75.125,28.5,2.235,2855.6399,744.8885,2.070312765472313
2010-01-01,2.83625,72.77425788070948,3.3507101254480287,2451.036458333333,0.20833333333333334,52.1199758595337,62.75,23.75,0.015,16587.343950000002,1981.2280500000002,3.1679108267065144
2010-02-01,3.006875,76.0756512006512,3.4878968253968257,2307.5885416666665,0.13541666666666666,54.63240906084656,53.5625,24.375,0.19,21230.540200000003,5012.7816,1.816985187323546
2010-03-01,0.8107142857142857,63.22005339770317,4.004883832565284,2927.498511904762,0.26190476190476186,57.76242338425915,53.0,27.25,5.225,21403.31795,9526.730950000001,1.7596041687335946
2010-04-01,2.7505803571428573,65.88201944128669,4.270079338764684,3060.377976190476,0.3392857142857143,61.63426338627847,55.3125,24.75,2.21,21865.3061,9128.36615,1.8971547891017861
2010-05-01,1.8698511904761907,59.73535906298003,4.363334453405018,3217.8739583333336,0.5595238095238095,66.94141324244751,56.5625,28.375,41.525000000000006,14926.51435,12095.71795,1.301610024637925
2010-06-01,0.6356547619047619,61.30724582649152,4.222581360609378,3025.7528273809526,0.2619047619047619,72.50719810481664,59.9375,31.125,354.625,12900.0242,18235.7336,2.415694471654471
2010-07-01,0.9958035714285715,61.2661231884058,3.8722398233486945,2880.3590773809524,0.0625,75.12891984627247,60.75,30.5,387.715,8164.0332,35852.7996,3.4182689307963385
2010-08-01,0.06450892857142855,58.777447484060986,3.713095238095238,2761.499553571429,0.041666666666666664,74.18612596723432,57.125,33.0,374.96,7302.34605,22475.53505,5.289833331552131
2010-09-01,0.11328869047619046,60.05970169677066,3.4461805555555554,2480.4622023809525,0.041666666666666664,70.83241898148148,60.375,38.5,156.68,5267.2438999999995,6371.855350000001,7.4034834763983906
2010-10-01,1.312842261904762,69.51166883332571,3.326196876600102,2456.7351190476193,0.11904761904761904,66.85205869852594,58.4375,28.0,20.07,13515.879550000001,2957.0993500000004,11.311032053418757
2010-11-01,0.8652232142857142,64.21199887263586,3.5264015421873873,2468.7849702380954,0.15625,57.57228248671264,62.125,24.8125,36.45,5521.55295,2034.08835,7.689176334126688
2010-12-01,6.168809523809523,78.1125514330353,3.2243869047619045,2301.408779761905,0.2663690476190476,53.91585154249872,64.625,22.5625,0.5800000000000001,3402.0137999999997,1017.90825,5.719496523237508
2011-01-01,0.869092261904762,69.2396805936694,3.299274781172202,2418.5217261904763,0.12202380952380952,51.46793399743101,66.6875,26.6875,2.075,13611.77505,3169.4862000000003,4.84479287454178
2011-02-01,1.8251636904761903,65.17999850403125,3.8889059601113174,2603.134226190476,0.2767857142857143,52.024937641723355,54.875,23.0,5.4350000000000005,12811.2131,4887.53655,2.51518912475878
2011-03-01,2.769434523809524,71.87884344598054,3.954296594982079,2883.7520833333333,0.25,56.382177914099145,54.25,19.875,11.805,22148.0853,11644.722600000001,3.2366568153987267
2011-04-01,0.24778273809523807,63.94491511684634,4.1656899154589375,2950.2995535714285,0.4107142857142857,62.66267522901909,57.75,24.75,19.485,19666.70325,15240.478350000001,3.264248555077409
2011-05-01,0.3950892857142857,60.899084189664,4.474293669080535,3300.1735119047617,0.3392857142857143,66.10541220923854,59.1875,27.8125,262.31,17432.2259,24139.6866,3.2824398074468615
2011-06-01,0.3882291666666666,64.78362952421142,4.141312397372742,2916.866220238095,0.16071428571428573,70.71184868137131,60.875,25.125,498.52,16383.388449999999,55395.21775,3.961793162846267
2011-07-01,0.11436011904761903,62.211833259899166,3.9495590338471316,2905.3639880952383,0.03571428571428571,75.26367785093105,60.9375,29.9375,468.525,12981.16295,78597.9252,5.822479533967071
2011-08-01,0.0486160714285714,62.17156279713983,3.6275618803239773,2670.8497023809523,0.01785714285714285,74.71028429255209,61.75,32.125,235.96,7460.18045,32529.223250000003,6.338348791396081
2011-09-01,0.17061011904761902,64.31087671879513,3.447763822949636,2468.1591765873018,0.0,72.31674087173785,67.125,40.125,1337.435,6969.9698499999995,22988.298199999997,7.499944995334544
2011-10-01,0.6298164682539682,65.75358643642849,3.32271952301499,2458.9461805555557,0.05555555555555555,66.51943884960362,69.9375,33.875,80.465,11393.120200000001,6820.8956,8.087738478336071
2011-11-01,1.3832242063492064,70.06796718208356,3.4977812557015144,2518.0642361111113,0.17857142857142855,57.43589012041598,64.875,24.9375,25.185000000000002,5633.2982,2709.0198,6.5400577766354795
2011-12-01,0.2746378968253968,59.93872341163168,3.4760474670378905,2558.6928075396827,0.3189484126984127,49.56125882953061,92.375,40.25,12.549999999999999,2863.78275,1332.61105,5.494688955716071
2012-01-01,0.9737748015873016,59.754019826499665,3.5906442627712787,2649.6081845238095,0.3611111111111111,50.69008053438497,79.625,37.3125,33.95,11802.1099,2639.1965,5.638891121160672
2012-02-01,0.47776785714285713,61.321004378763,4.033117166119322,2782.088839285714,0.3611111111111111,53.32387698412698,57.5,25.0,12.26,17734.940749999998,8588.935300000001,5.564512809679725
2012-03-01,1.7239880952380953,63.600012522540574,4.134254992319509,3075.174255952381,0.2986111111111111,56.42006048387097,49.4375,21.25,17.0,22116.4906,15294.4163,4.502430256000898
2012-04-01,1.5148313492063492,64.27795953704205,4.1215920338441885,2959.2005456349207,0.33035714285714285,61.800075830140486,56.8125,23.0625,15.345,25871.81625,20596.3259,3.994602409915271
2012-05-01,0.12379960317460315,60.52235236388462,4.177134963304318,3104.9592757936507,0.39285714285714285,68.37853307945042,63.375,34.125,95.37,24907.11855,45856.76845,3.016701808382012
2012-06-01,0.059126984126984125,59.48627987593505,4.254134542705971,2985.9811011904762,0.42658730158730157,71.7894216954023,60.75,32.4375,237.715,18741.41875,88643.9993,3.121503248855597
2012-07-01,0.07031249999999999,59.80675073849404,3.833488543266769,2852.3332837301587,0.0,74.54977489483466,60.25,28.5,1333.3200000000002,8781.305349999999,62688.422099999996,3.2438852704360936
2012-08-01,0.024265873015873,56.7055410479604,3.6501714243044887,2715.5510912698414,0.013888888888888888,76.53441838055413,58.6875,38.3125,251.905,7031.6206,30900.5582,3.7904929999417303
2012-09-01,0.00930555555555555,56.99844703907203,3.3591453157349895,2396.519047619048,0.041666666666666664,73.45980582873246,62.0625,40.375,125.7,5602.90495,14579.565,3.4661688061792346
2012-10-01,0.2710515873015873,61.07992115967472,3.5045298899129547,2606.6627976190475,0.15625,67.5938234005597,58.0,32.9375,16.45,5214.92325,7580.58295,3.0988457485199143
2012-11-01,0.6665079365079365,68.37939586754243,3.2152281746031743,2299.682242063492,0.08333333333333333,59.60395833333333,67.125,27.25,50.55500000000001,4989.6846000000005,3257.90675,3.2198998526918934
2012-12-01,1.958169642857143,77.2059954264145,3.2666433508887427,2422.8966765873015,0.1468253968253968,54.453863008577294,59.875,19.0,0.8,6284.2662,3293.6598,2.7984296574384793
2013-01-01,0.9982738095238095,60.962733614951354,3.664520929339478,2726.6184523809525,0.2569444444444444,48.30058219818022,70.125,30.625,15.65,16400.23055,3394.8067,2.897758575993416
2013-02-01,0.4488938492063492,63.28963529856387,3.7498301288107836,2517.374107142857,0.125,51.66386302437642,61.8125,28.875,3.6100000000000003,9775.8686,7287.5622,2.4707580197782995
2013-03-01,0.7119940476190476,65.89787109133604,3.8091839477726577,2830.478869047619,0.2142857142857143,58.03386937466192,61.125,27.875,12.975,23215.80125,17566.292,2.2424405026484777
2013-04-01,0.08870039682539681,59.77958668979002,4.453751368363437,3202.9974206349207,0.5902777777777778,63.040517469439884,57.9375,32.8125,82.57499999999999,24671.63665,22019.07575,2.8994687697668193
2013-05-01,0.3580654761904762,58.45154522405206,4.4761328725038405,3329.799751984127,0.36507936507936506,68.01013638912818,61.375,34.0625,351.915,22449.07,27648.754100000002,4.022674319731704
2013-06-01,0.04497023809523809,59.79178983931139,4.138999270206167,2976.05560515873,0.23015873015873015,72.4176380862911,58.8125,30.375,450.575,15313.744200000001,37835.9127,3.0866664824220944
2013-07-01,0.06777281746031745,59.6306479718363,3.8172731054787508,2840.064484126984,0.18055555555555555,76.0849838937505,59.625,30.3125,213.5,10591.80605,51817.1296,2.979149283983821
2013-08-01,0.024781746031746016,59.479375675032884,3.674707181259601,2734.6180059523813,0.05555555555555555,74.76147134749957,60.75,31.5625,186.365,7250.3562,34072.710900000005,2.615031618589307
2013-09-01,0.0532738095238095,58.51536945403335,3.622680050821498,2574.381746031746,0.0734126984126984,72.6380348786407,59.125,37.25,39.714999999999996,5501.92365,10650.317,2.579611550826336
2013-10-01,0.3395882936507937,58.13695692934604,3.514861685506847,2601.439384920635,0.16468253968253965,63.97540968903177,62.5,39.0625,10.285,4604.5419999999995,5366.8194,3.2274765498476556
2013-11-01,0.6066517857142857,61.68314677978471,3.1766997354497355,2283.2546626984126,0.17857142857142855,58.31988756613757,68.75,33.3125,11.67,5304.9807,4950.14095,3.391048018896246
2013-12-01,0.24243055555555554,53.76894201228879,3.4254384280593957,2548.6955357142856,0.2222222222222222,51.41590846429556,87.625,33.25,7.125,3494.9924499999997,2494.07515,2.9494753196452455
2014-01-01,0.05562499999999997,52.85731886840758,3.1987055171530976,2365.1429067460317,0.29513888888888884,52.03005440348182,98.5,50.0,33.355,13550.30395,3211.9231,2.530064718478722
2014-02-01,1.5193948412698413,66.78317389455782,3.670037910997732,2401.7248015873015,0.20684523809523808,55.492904265873015,62.5,27.0,3.855,17713.85315,8692.8401,2.284368497267243
2014-03-01,0.7300892857142857,62.68725038402458,3.9554979518689195,2938.820486111111,0.29315476190476186,60.00849862391193,58.25,30.125,100.4,25861.038999999997,21713.23605,1.4178179859928868
2014-04-01,0.36034226190476193,57.63455690309607,4.168521412037037,2980.5192956349206,0.251984126984127,62.46772071047131,58.6875,27.875,118.96,26152.4883,16186.04075,1.4855110899105903
2014-05-01,0.0656597222222222,51.54772704590141,4.337379992319509,3224.9968253968254,0.3214285714285714,66.73054473886329,60.0,33.25,33.945,18541.7531,26547.386700000003,1.7644199061099433
2014-06-01,0.059563492063492034,56.53940512933569,4.069361772486772,2930.5301091269844,0.1607142857142857,71.41322792309862,64.5625,34.0,65.0,20219.227,30535.2702,1.55473456175078
2014-07-01,0.03370535714285712,57.36725351801826,3.7894325236815156,2695.72251984127,0.08333333333333333,76.37156857960092,58.9375,30.8125,133.81,11259.6536,34799.41665,1.6842595177723283
2014-08-01,0.03453869047619046,57.48180521714309,3.691167434715822,2744.9402777777777,0.027777777777777776,75.68903427137344,57.875,33.9375,37.445,7627.35835,29704.310299999997,1.7277568972662039
2014-09-01,0.0294642857142857,58.724598696930386,3.4973478835978833,2518.1665674603173,0.013888888888888888,75.29400180905695,59.9375,35.3125,22.555,8905.38485,18404.415399999998,1.659757456747802
2014-10-01,0.2981200396825397,57.45421210957501,3.2235199052739376,2398.8613095238097,0.045634920634920625,69.44963048301759,60.375,36.875,13.080000000000002,4985.890649999999,18070.30915,1.7617044562502753
2014-11-01,0.4410863095238095,61.239582614446746,3.2566435185185183,2344.1650793650792,0.16666666666666666,60.754227843915345,62.6875,25.5625,0.605,6283.761200000001,2501.21145,1.7898161473225422
2014-12-01,2.788985119047619,74.81377458640112,3.5194241286614756,2573.881220238095,0.28482142857142856,56.27134458260501,61.125,18.25,0.5,4267.608,4910.42245,1.734842130323333
2015-01-01,0.625264880952381,68.90925755248335,3.078730052056665,2257.635267857143,0.075,53.18027340416454,76.125,25.25,2.23,21312.906450000002,7573.9805,1.6936829072258857
2015-02-01,0.655327380952381,70.19208181313836,3.396168154761905,2243.044880952381,0.15357142857142858,58.046648006424796,70.5,22.9375,14.67,23397.8397,8612.68865,1.0080074988766827
2015-03-01,0.4810744047619047,58.123058914516186,3.6246754992319508,2686.7736011904763,0.09285714285714285,62.05718362282878,58.0,25.125,6.255,22446.693049999998,23702.163200000003,1.6734807030900911
2015-04-01,0.3942083333333333,53.204772851669404,4.032104166666667,2899.6081845238095,0.2142857142857143,65.13845593869732,57.6875,27.25,46.195,32350.1697,30789.0879,1.765837133822558
2015-05-01,0.6317738095238095,62.49585466803209,4.239783132787165,3147.1320833333334,0.1125,68.55884141918416,54.75,22.0,51.345,24688.41545,33049.6641,1.4255056843918874
2015-06-01,0.25127976190476187,58.108004820849644,3.9236339741835433,2607.3889880952383,0.0625,75.29974959087595,57.9375,27.625,264.595,20752.6878,42265.76855,1.7103615254743953
2015-07-01,0.7330684523809524,61.89050696945754,4.076453213005633,2809.566041666667,0.0625,76.06797566669347,53.875,25.714285714285715,438.25,14478.57025,44576.83065,2.1143205857305247
2015-08-01,0.267906746031746,58.60513297270713,3.726732910906298,2774.3829365079364,0.05555555555555555,76.64704828581557,61.875,40.875,60.15,10869.57425,39490.43255,2.245488521992305
2015-09-01,0.618358134920635,55.9957343550447,3.5033905765371283,2521.3463293650793,0.041666666666666664,76.19873164292436,59.0625,37.5625,30.695,6261.3838,19721.7523,3.394565445464357
2015-10-01,0.6297867063492063,61.47225244944412,3.346251760112647,2367.564484126984,0.03174603174603174,71.15566575365096,59.125,31.0,34.815000000000005,7341.345,6787.7266500000005,3.9536657793549854
2015-11-01,0.8545833333333334,57.43803144115077,3.5742871396642943,2554.890476190476,0.3179563492063492,58.19554139679499,61.0,20.5,6.035,5514.41695,5183.08305,3.4365831894092027
2015-12-01,1.1870535714285715,64.01950524833589,3.5438433576990307,2632.9566964285714,0.2708333333333333,51.701547354203086,66.125,19.5,2.985,4513.9164,5323.2754,3.2692901341355585
2016-01-01,2.979875992063492,75.1420816633414,3.370534114183308,2505.8913194444444,0.16369047619047616,52.28367010041621,60.875,17.6875,2.6050000000000004,15762.88885,8470.513050000001,2.866669012989556
2016-02-01,0.5339732142857143,58.309748404444285,3.708695949644225,2580.466121031746,0.34871031746031744,55.667374614697664,63.4375,23.0,2.215,14385.1188,14337.5357,2.5785262339336303
2016-03-01,1.7454166666666666,67.90037335722819,3.941077828981055,2931.822123015873,0.2058531746031746,60.359134298880846,50.625,20.6875,4.0,29881.4388,22321.154049999997,2.153365489175297
2016-04-01,0.7887103174603174,58.9233478911999,4.0601107804232806,2923.740773809524,0.2757936507936508,65.01675937328955,53.625,27.25,23.64,35433.27975,37999.3339,2.5109425227226754
2016-05-01,0.5672867063492063,64.45977342549924,4.125192012288786,3023.0524801587303,0.18055555555555555,68.92605412900272,48.875,23.8125,170.70999999999998,26313.473749999997,51054.79365,1.9276422355235183
2016-06-01,0.20536210317460313,56.35111112097912,3.948469742063492,2799.6370535714286,0.09722222222222222,74.58570736737677,61.6875,33.5625,312.025,24337.522,77937.41990000001,3.156355902268459
2016-07-01,0.2356299603174603,55.00024736415714,3.825405382466217,2835.422619047619,0.05555555555555555,76.92656640001971,58.375,33.875,360.305,18873.4364,76425.3318,4.02457386286072
2016-08-01,0.24475694444444443,58.07154693404848,3.533765360983103,2629.152728174603,0.027777777777777776,76.59591984553678,63.0,37.8125,967.475,9724.4021,44744.56525,7.269813125712443
2016-09-01,0.23691964285714284,55.09683432919783,3.4961871693121696,2514.7648809523807,0.027777777777777776,72.25416341680351,60.375,40.3125,17.38,8676.24325,17392.92315,8.141737288205686
2016-10-01,0.6688988095238095,61.732567820228105,3.3238455794504183,2365.1269345238093,0.15426587301587302,66.8743264966659,53.25,31.5,43.45,6386.4580000000005,6696.17505,11.404163621691229
2016-11-01,0.9003779761904762,63.34513856629039,3.0728682590557588,2125.2372023809526,0.1232142857142857,60.547805027830776,65.375,28.75,2.425,5400.194600000001,6546.8479,8.911360149085935
2016-12-01,2.4952728174603176,70.2200136706185,3.348000708968451,2446.585119047619,0.4722222222222222,53.33877516673888,67.625,21.625,3.115,13468.9814,9337.8367,5.780646210981715
2017-01-01,4.986884920634921,75.42071325018141,3.545465821222252,2567.6170634920636,0.3943452380952381,52.11341620546522,53.0,12.9375,0.515,14157.7225,4591.778,3.55530782839984
2017-02-01,3.0908234126984127,77.38313560906319,3.5585729003139717,2341.5757936507935,0.2633928571428571,55.67217035435969,46.75,13.3125,1.675,20818.80475,14716.880650000001,2.4179471326081865
2017-03-01,0.5101636904761905,64.66031746031746,3.74211917562724,2730.2185515873016,0.26587301587301587,59.693718958013314,51.625,22.5625,2.305,30727.423349999997,27631.7223,2.9114307509031585
2017-04-01,0.35274801587301585,59.76691040640394,4.177569444444445,2874.8601190476193,0.503968253968254,63.94454431216931,52.8125,26.5,17.25,27605.908199999998,31575.6331,2.450240155130318
2017-05-01,0.41526785714285713,61.13016033026114,4.072916666666667,2925.4676587301587,0.2420634920634921,68.57730170592987,54.25,28.5,329.90999999999997,28517.7885,29342.39075,2.838632659838889
2017-06-01,0.22500496031746028,59.613673617308535,3.868877401837928,2770.5735615079366,0.05555555555555555,74.28447187172912,58.375,31.375,1792.8849999999998,27235.83865,54161.1457,4.584035290343627
2017-07-01,0.21061507936507934,57.135206924507536,3.61695308499744,2622.71939484127,0.059523809523809514,77.90670805598225,61.25,33.25,26009.46,23013.6766,56816.657699999996,5.3170270570556575
2017-08-01,0.2269890873015873,60.14420429884622,3.6405513952892985,2591.9609126984124,0.041666666666666664,77.09640067630995,63.375,37.8125,464.295,18160.69405,38954.76835,8.310172221159613
2017-09-01,0.2985267857142857,56.2921977884684,3.7049718915343917,2609.4359126984127,0.027777777777777776,73.74620512908228,59.375,34.8125,520.0350000000001,9737.17485,21809.19425,9.340174099802148
2017-10-01,0.2887152777777777,52.9578809079541,3.5518241167434716,2642.911160714286,0.3159722222222222,66.02939416567105,66.125,47.875,111.48,4595.099899999999,8322.172,14.772148149203739
2017-11-01,0.2971081349206349,66.23602756617433,3.1089116949461775,2219.887152777778,0.17708333333333331,61.4756267104543,61.5625,32.5625,90.49000000000001,3888.2527,5963.41545,14.549674821438902
2017-12-01,0.15912698412698412,48.19969118023553,3.4520913338453663,2561.772371031746,0.404265873015873,52.61981262800819,100.0,49.625,25.475,3061.73275,3538.64305,12.674706093750048
2018-01-01,1.5156785714285714,66.23450579457776,3.3635306590656286,2458.0688095238093,0.23958333333333331,54.35944585143105,67.0,27.1875,5.79,15148.168450000001,4073.6029500000004,10.710817645190774
2018-02-01,0.3629702380952381,53.48649474836231,3.8723809523809525,2601.589404761905,0.05833333333333332,54.30026191263543,58.3125,29.5625,32.195,12934.62685,7234.9477,5.389440256283576
2018-03-01,2.8605386904761905,65.88651679040791,3.806599458809808,2790.4010714285714,0.2255952380952381,57.08018475137964,41.875,13.9375,2.505,20754.76285,32806.9677,5.139525301420954
2018-04-01,0.4104940476190476,58.20141484154415,4.164102411477412,2951.316547619048,0.18392857142857144,64.07353757210223,56.625,28.125,167.265,27584.6403,18727.20265,4.792988778131687
2018-05-01,0.11506249999999998,61.790418779905366,4.091112711213517,2901.575238095238,0.15535714285714286,68.09450221016444,51.625,28.375,162.24,28583.78525,17658.1132,5.568718800044878
2018-06-01,0.14709226190476188,58.116397498175516,4.010984263820471,2884.498958333333,0.17857142857142855,72.2700901356785,58.3125,36.625,378.275,18372.186,25275.16205,4.938754119040946
2018-07-01,0.16002570346320344,57.35777257773648,3.8404050586510263,2771.6619994588746,0.04545454545454545,77.35184765143046,59.125,37.25,663.135,15888.2115,23079.3942,5.9135600954590615
2018-08-01,0.08707115800865799,58.56079744061548,3.6026152720796074,2661.1946834415585,0.06818181818181818,76.85598488328002,67.625,42.625,178.565,14623.828300000001,35507.43715,6.870225123168907
2018-09-01,0.05203869047619046,60.47316393615962,3.347187612734488,2379.6820346320346,0.011363636363636362,72.60492151347216,60.4375,43.75,101.965,9478.77355,20842.9101,6.525076736019445
2018-10-01,0.3483252164502164,58.720587922227935,3.361016149844779,2452.537757034632,0.05194805194805194,66.55163666172537,55.5,36.25,25.555,7556.277700000001,6424.40985,7.547392659357203
2018-11-01,1.1598579545454546,55.77685342266478,3.331549410908564,2167.6978896103897,0.22916666666666666,59.059992106847965,66.0625,42.75,25.395000000000003,4725.3283,3335.0828,8.2020055833739
2018-12-01,1.1862107683982683,69.89747940231811,3.4112943373830467,2320.988798701299,0.10592532467532466,54.08229301463172,63.875,21.3125,1.92,2378.1792,4425.54375,6.911235047820513
2019-01-01,3.3005627705627703,69.5313119338022,3.638838762044407,2604.7076163419915,0.24228896103896103,52.48504713028906,55.125,17.0,2.415,12422.4195,4118.188,7.389919496034471
2019-02-01,4.061792478354978,71.6690209599177,4.187335149969079,2651.7623647186147,0.7297077922077922,51.69968857366179,40.625,10.8125,0.35,15151.18405,7768.1776,6.0949522035811565
2019-03-01,2.3234645562770564,66.2936963096073,3.9326766403958944,2820.681994047619,0.4379058441558442,57.35544703951962,40.5,15.5,0.155,19331.83745,21316.553949999998,7.490302855535634
2019-04-01,0.5756304112554113,62.937493048116146,4.033881854256855,2854.0037472943723,0.6075487012987013,64.46002596708847,49.0,21.6875,83.075,26650.74215,20632.912750000003,5.918127808305642
2019-05-01,1.482180735930736,67.70411940820665,4.1134140022978,2993.8499864718615,0.492288961038961,66.63931209613945,46.5,20.0,154.425,29818.03845,26847.550300000003,6.167110013137959
2019-06-01,0.05193181818181817,62.54799017633069,3.8990132337330614,2803.27224025974,0.2325487012987013,73.06227244618408,52.0,25.6875,921.765,27327.159050000002,28607.18705,5.3133090353381025
2019-07-01,0.045340909090909085,58.870714634827536,3.819105222734255,2841.3084686147185,0.05681818181818181,76.40188740023417,57.375,31.25,453.78999999999996,24287.516949999997,34358.56925,5.980901217850535
2019-08-01,0.0280384199134199,59.679894582845776,3.7072461073872365,2755.2131899350647,0.011363636363636362,76.58943980630653,54.125,34.4375,245.445,15375.113249999999,35200.47805,7.372555165148387
2019-09-01,0.04375405844155844,58.67447458731402,3.6988916847041846,2658.842938311688,0.11079545454545454,73.644924877502,54.8125,38.1875,436.645,7875.05365,27756.3615,7.076242800182431
2019-10-01,0.01884469696969695,46.96945280053479,3.7502889784946234,2753.3387851731604,0.45711580086580084,64.80112903911326,60.0,47.125,136.11,6630.09295,9348.9996,10.418212760898083
2019-11-01,2.3216044372294373,58.53165505570044,3.272921626984127,2298.9305871212123,0.18060064935064934,58.374561719410856,70.9375,43.8125,39.435,6799.92595,4919.5017,9.661661457292672
2019-12-01,2.7986999458874458,73.07861681329423,3.477871456500489,2448.537689393939,0.22821969696969696,53.41673020527859,50.9375,16.375,1.5350000000000001,4413.30655,3309.3895,8.11122884327889
2020-01-01,0.44686147186147185,73.13812475109518,3.3704883512544805,2373.893465909091,0.14772727272727276,51.71558019713262,59.0,20.5,0.0,9915.2413,5955.8983499999995,6.770027588442801
2020-02-01,0.32323051948051945,56.30601341419838,3.7509917784163473,2476.8381087662337,0.34537337662337664,53.82698834610473,58.0,30.5,0.0,15805.800500000001,11828.0438,6.6160959250214235
2020-03-01,2.704104437229437,69.9993874551115,3.8863048904695114,2829.1380005411256,0.3887987012987013,57.603324130871464,33.875,10.75,0.0,19847.39475,17747.131849999998,6.433927085882125
2020-04-01,2.453043831168831,68.6071956324327,4.017396825396825,2855.680871212121,0.1984577922077922,62.7964460978836,48.1875,18.9375,0.0,21820.69285,29645.404899999998,4.577600475335036
2020-05-01,0.36348079004329004,59.1150153609831,4.21581797235023,3094.999594155844,0.4066558441558441,70.60327476958525,52.375,28.625,0.1,25187.671000000002,29048.44135,4.136183924548355
2020-06-01,0.4117343073593073,58.21605961181751,4.193780753968254,2978.987757034632,0.3405032467532467,73.91387202380952,52.5625,30.1875,0.05,24189.1798,22296.36565,4.32988324398785
2020-07-01,0.25910849567099564,56.09746746868723,3.8035428113553116,2769.8516774891777,0.10795454545454544,76.52076516897081,54.375,31.5,0.30000000000000004,20146.62515,29550.371700000003,4.059464575775907
2020-08-01,0.10462662337662335,57.37319826978968,3.600765991880623,2612.610579004329,0.06818181818181818,77.18868409897074,63.875,38.25,0.1,11325.2955,39468.3513,5.02750676292254
2020-09-01,0.0821793831168831,57.10057791722508,3.1850900488400486,2224.7867153679654,0.0,73.24140196014304,94.5,60.6875,0.0,6434.25695,34680.4808,5.015838532456859
2020-10-01,0.06176271645021643,54.04733073825816,3.1290833333333334,2291.8414637445885,0.09090909090909091,68.46097926267281,81.75,55.375,0.0,9799.50785,8503.779999999999,6.4006181557142545
2020-11-01,0.5675351731601732,58.31063902572524,3.3176825396825396,2319.4673701298702,0.26136363636363635,58.008624999999995,72.0,34.8125,0.0,4581.13315,4828.12975,6.0237312906037985
2020-12-01,0.8424242424242424,54.84654965774091,3.601380742913001,2452.0474025974027,0.3816287878787879,51.86398844144207,70.875,30.625,0.0,4123.10365,2821.2567,6.127111802465505
2021-01-01,1.8821036255411256,61.04024415063009,3.9242480973327747,2839.0002705627703,0.9411525974025974,51.632632815772936,65.3125,26.375,0.0,12204.1275,4015.0027499999997,6.508647514577218
2021-02-01,0.15946834415584413,57.78907972153508,3.873111375231911,2592.229464285714,0.3526785714285714,54.21020698051948,55.375,26.1875,6.65,14884.766,8219.18705,6.330239460305992
2021-03-01,0.9297294372294371,59.477618088946656,4.023590018852116,2994.244602272727,0.47970779220779214,56.40971985843458,48.625,20.6875,1.205,21780.1649,15264.46595,5.733196537608236
2021-04-01,0.10046401515151514,57.10290466238742,3.9983382936507934,2878.24466991342,0.38636363636363635,63.52601100288601,57.0,31.5625,11.61,25829.881950000003,16351.698199999999,4.253667962093658
2021-05-01,0.03104572510822509,57.76058054848377,4.278725911185589,3183.5006222943725,0.47686688311688313,68.63601015919565,56.375,32.0,111.25,20875.13145,12681.96125,5.318450495008373
2021-06-01,0.018436147186147174,56.588562678887826,4.104279401154401,2955.727935606061,0.1948051948051948,73.95683822004942,54.5625,30.25,202.305,21504.9943,25261.84195,5.155033248247224
2021-07-01,0.22359848484848485,56.02916426651306,3.7603839372992596,2796.2409767316017,0.05681818181818181,78.06365627136813,55.75,31.6875,87.15,16348.9296,28628.11155,5.898412368471516
2021-08-01,0.1975351731601731,56.58340751989945,3.654364352045804,2717.9285443722943,0.1335227272727273,76.74612846461463,66.625,40.6875,78.22,12456.5011,23307.56395,5.648264443442117
2021-09-01,0.23530032467532466,58.28465738045479,3.434577922077922,2472.3134740259743,0.09253246753246752,73.67246610917094,65.0625,42.625,27.990000000000002,7628.4938999999995,14013.9463,5.563041148612894
2021-10-01,1.152297077922078,57.285984848484844,3.5205431329423265,2620.7083739177488,0.4366883116883116,65.4043403505097,61.125,34.125,8.59,7410.81105,7496.308,6.02958825872419
2021-11-01,0.23466450216450213,64.31201174304623,3.2076474567099567,2309.7329951298702,0.2642045454545454,60.36888618326118,71.25,30.0625,1.54,5667.67765,4386.35035,5.5815496267323494
2021-12-01,4.213486201298701,77.81560674428619,3.2002655806335243,2374.506994047619,0.39623917748917753,53.37424718818367,56.5,19.75,0.0,4730.1574,2231.8662,5.34801465384147
2022-01-01,0.24968073593073592,63.09023248620916,3.0088358818600756,2172.065652056277,0.2642045454545454,52.258725096588,67.875,30.714285714285715,29.5,11920.1019,3098.72315,4.531945833814867
2022-02-01,0.29543425324675326,47.834496893648684,3.807406655844156,2466.361985930736,0.3045183982683982,53.33644947562358,59.125,31.928571428571427,189.0,7443.70935,5871.719150000001,4.389049405544529
2022-03-01,1.1555963203463204,56.954847088395475,3.9006221416352465,2785.1536607142857,0.38961038961038963,58.429063830994274,53.5,28.125,122.0,14029.7955,8454.4104,4.345786743639629
2022-04-01,0.2521255411255411,57.219386156120095,4.240330988455988,3006.022272727273,0.7221590909090909,64.15858747574265,52.6875,28.375,212.0,17327.2609,9214.9174,5.146499140324068
2022-05-01,0.05642424242424241,54.92757796862635,4.46428513644309,3262.627316017316,0.6707792207792207,68.93951517198042,56.25,35.25,879.0,21984.24455,10808.4508,5.356788526083674
2022-06-01,0.21415286796536792,53.779366225249845,4.270398004055331,3015.878457792208,0.3392857142857143,74.33869213377619,56.5625,32.5625,3165.0,21134.6983,16676.3356,5.172136396211302
2022-07-01,0.3219905303030303,55.87429763529944,4.024320712889261,2935.5151758658008,0.08806818181818181,77.51024094632965,50.375,29.375,595.5,16326.64945,21254.75675,5.058468856616582
2022-08-01,0.3123336038961039,54.02877431219339,3.8698670390140077,2819.518925865801,0.011363636363636362,78.73512445601668,52.0,37.875,436.0,12555.243999999999,10526.0766,5.58565238860777
2022-09-01,1.039563041125541,56.155140785064845,3.6180181277056276,2551.5781114718616,0.011363636363636362,76.86176729355603,57.875,40.5625,28020.0,10295.95895,12150.219949999999,6.104954495768184
2022-10-01,0.35272456709956707,60.26041182895445,3.2407605432202207,2362.946130952381,0.04058441558441557,69.7670335971632,58.75,45.875,146.0,8718.3306,11407.663349999999,5.178112848441236
2022-11-01,1.2345224567099566,57.39887987012987,3.653966690716691,2573.568520021645,0.3712121212121212,56.57183394680716,63.625,36.375,16.0,3865.98695,3972.20245,5.600961777964533
2022-12-01,3.196946699134199,76.68539177139829,3.244920103594764,2359.835240800866,0.408008658008658,52.35449811793593,57.25,23.625,4.5,3400.2747,2345.23435,4.989258896536226
2023-01-01,4.6801866883116885,73.41094702788251,4.023352272727273,2911.6824404761905,0.42234848484848486,51.7649357718894,48.375,19.875,12.0,12776.5293,1838.05185,5.4830036691633
2023-02-01,2.869425054112554,62.362030917164844,4.1684152752009895,2742.371482683983,0.5721049783549783,50.81775461889301,45.875,26.875,5.0,12002.95025,5318.3643,3.990638716331673
2023-03-01,4.601351461038961,73.66128421309872,4.179506615696132,3047.5463744588747,0.49242424242424243,54.54967630298377,35.5,14.625,4.5,17210.4523,10603.5175,4.2383567463755405
2023-04-01,0.11721185064935064,63.350387806637805,3.920070165945166,2774.5424512987015,0.3471320346320346,60.98256734214062,53.8125,29.0625,89.0,19978.4722,11767.27895,3.7600081586337195
2023-05-01,0.45677895021645026,64.35829975995101,4.007644707443094,2939.2034767316018,0.25852272727272724,67.64293246404134,43.25,23.5,698.5,25834.2167,13072.556199999999,3.925051545116795
2023-06-01,0.30719291125541126,64.36600440986217,3.918467261904762,2821.6380952380955,0.20454545454545456,71.44411768547545,46.8125,26.0,1249.5,26470.973550000002,18111.88875,4.375171320806098
2023-07-01,0.22909902597402595,55.459635784502666,3.586560885351208,2669.0917613636366,0.11363636363636365,77.44333339151888,54.0,34.5625,12296.5,21895.33575,25251.353349999998,4.602672721990413
2023-08-01,1.729266774891775,60.447460492016944,3.574784858958246,2659.1549648268397,0.11174242424242424,77.2041171194397,53.125,33.6875,35203.0,29268.829400000002,12484.2769,6.340572719131658
2023-09-01,0.17903273809523806,65.81976106778862,3.2654274891774895,2351.5125135281387,0.06818181818181818,73.75117074376773,62.25,39.75,358.5,11188.03355,6984.9042,6.714689237203499
2023-10-01,0.21648944805194803,58.75750253330898,3.165545576735093,2354.576582792208,0.1607142857142857,67.95321196951139,57.0,43.25,1510.0,7202.78445,2548.21405,9.185886813334662
2023-11-01,0.5784943181818182,52.31744554535503,3.2099016955266957,2311.929180194805,0.27435064935064934,59.56471066252588,58.0625,38.6875,309.0,5679.2491,5399.85325,13.273111032441422
2023-12-01,1.607385010822511,67.38944422574707,2.9206513580505518,2173.883522727273,0.10037878787878787,55.17834584723767,65.375,35.5,370.5,4566.9710000000005,1097.39455,14.265414891228936
2024-01-01,1.6715787337662338,73.07693614088915,3.064612135176651,2281.65900974026,0.14583333333333331,53.51506645403083,54.0,22.0,9.0,,,12.339021563817182
2024-02-01,4.646285173160173,75.84805920452472,3.3864634646962233,2357.128841991342,0.21360930735930733,55.38633107553366,42.75,17.5,3.0,,,8.139820426773957
2024-03-01,2.4624702380952384,69.79710061443933,3.8267333472978633,2847.9019886363635,0.3774350649350649,58.80236207117255,36.5,20.25,10.0,,,5.893516523705278
2024-04-01,0.8678990800865802,65.98041666666667,3.875449134199134,2791.071996753247,0.18060064935064934,63.1331112463925,48.125,24.0,531.0,,,7.170648920751827
2024-05-01,0.2012729978354978,61.98032841374575,3.954353276728833,2933.677002164502,0.3056006493506493,69.02558367820674,51.5,27.4375,4313.5,,,6.96271476234522
2024-06-01,0.13122023809523808,57.772113997114,3.9175248015873017,2821.605938852814,0.1607142857142857,74.92915857770541,55.5625,33.3125,23285.0,,,7.918325657293967
2024-07-01,0.12952516233766231,56.20028627286692,3.5964735766804488,2648.5515286796535,0.03409090909090909,79.49525145499737,54.125,34.25,24864.5,,,8.402286225045403
2024-08-01,0.5441910173160174,55.63299032956291,3.5958538437369083,2674.035376082251,0.03409090909090909,77.82180478229412,56.0,39.25,52890.0,,,9.684514107380721
2024-09-01,0.2633238636363636,58.51405726696675,3.2705475889850892,2349.681507034632,0.05681818181818181,75.30335221899972,55.0625,41.25,76615.5,,,10.127484426698711
2024-10-01,0.1790340909090909,57.233555796055796,3.1680639924591536,2328.647199675325,0.11688311688311687,69.68038354429164,59.375,49.0,1021.0,,,11.848059339957846
2024-11-01,0.8458887987012987,59.08664772727273,3.39824044011544,2445.1091856060607,0.295995670995671,58.672030303030304,56.125,34.0,2574.5,,,11.81399856207803
2024-12-01,0.4664285714285714,70.93846489811712,3.1005090180317,2289.865827922078,0.13068181818181818,54.88358905879067,72.125,33.875,2162.5,,,12.119529445894337
